DateTime,Parameter A,Parameter B,Parameter C,Parameter D,Parameter E,Parameter F,Parameter G
1,1.36,0.62,-0.7,6.2,-1.01,-0.31,5.38
2,1.52,0.8,-0.21,6.2,0.2,-0.6,5.12
3,2.01,0.42,0.93,6.2,0.88,0.45,5.17
4,2.41,-0.1,3.03,6.22,1.87,-1.35,5.52
5,1.77,-1.06,4.33,6.15,2.4,-2.27,5.2
6,1.56,-2,4.52,6.18,2.18,-3.31,5.13
7,1.25,-2.81,4.43,6.07,2.02,-2.43,3.15
8,0.48,-3.66,3.74,6.11,1.14,-3.25,2.43
9,-0.45,-4.17,2.05,6.13,0.59,-2.28,-0.8
10,-1.28,-4.42,0.44,6.12,-0.43,-1.48,-1.98
11,-1.5,-4.04,0.11,6.1,-0.16,-0.97,-2.15
12,-1.77,-3.66,0.13,6.09,-0.44,-4,-1.09
13,-2.62,-2.73,0.17,6.07,-0.17,-4.11,-0.36
14,-2.9,-1.53,-0.55,6.14,-1.86,-2.51,-0.35
15,-1.7,-0.57,-0.98,6.1,-1.46,-1.85,-1.37
16,0.08,0,-1.89,6.12,-3.39,0.8,-2.04
17,1.08,0.43,-2.31,6.16,-3.36,1.8,-2.42
18,1.3,0.24,-2.65,6.13,-3.4,0.9,-2.72
19,1.31,0,-2.75,6.16,-3.63,-1.75,-1.34
20,1.58,-0.59,-3.08,6.17,-3.08,-1.82,-0.75
21,1.65,-1.82,-3.61,6.18,-3.4,-3.85,-0.53
22,1.78,-2.51,-3.43,6.22,-3.24,-2.72,-0.12
23,1.56,-3.37,-3.16,6.19,-4.15,-1.26,-0.97
24,1.14,-4.15,-2.64,6.18,-3.33,0.04,-0.21
25,0.28,-4.55,-2.03,6.23,-2.71,-1.93,0.53
26,-0.54,-4.73,-1.23,6.18,-1.81,-0.51,1.25
27,-0.41,-4.63,-1.09,6.16,-1.46,-1.15,2.03
28,-0.01,-4.37,-0.44,6.16,1.35,-2.27,2.78
29,-0.25,-4.15,1.36,6.13,2.49,-1.03,6.35
30,-0.63,-3.8,3.32,6.13,3.5,-0.1,6.64
31,-1.22,-3.34,4.4,4.81,3.91,0.45,6.86
32,-1.74,-2.86,4.64,2.5,4.28,-0.33,6.05
33,-2.56,-2.23,5.62,1.54,4.45,-3.06,6.01
34,-3.52,-1.58,5.5,0.42,4.69,-3.99,5.37
35,-4.22,-0.95,5.15,0.28,4.01,-4.62,3.6
36,-4.42,-0.34,4.73,-1.1,3.93,-3.57,2.23
37,-4.1,0.08,3.55,-2.66,3.45,-1.08,-0.42
38,-3.48,0.87,1.59,-4.08,2.68,-0.1,-1.11
39,-2.46,0.83,0.05,-4.3,2.14,-0.48,-1.92
40,-1.37,0.84,-1.41,-4.65,1.62,-0.64,-2.63
41,-0.38,0.45,-2.64,-4.73,0.72,-2.42,-3.57
42,0.12,-0.25,-3.76,-4.88,-0.81,-2.73,-4.38
43,0.31,-0.97,-4.83,-4.91,-2.21,-1.6,-5.31
44,1.19,-1.71,-5.2,-5.05,-4.82,-2.59,-5.87
45,2.48,-2.79,-5.03,-5.48,-4.08,-0.93,-5.17
46,4,-3.36,-4.49,-5.47,-5.41,0.59,-4.01
47,4.71,-3.87,-2.66,-5.44,-6.08,0.75,-3.35
48,4.93,-4.38,-1.61,-5.45,-6.96,0.54,-2.6
49,4.42,-4.88,-0.98,-3.62,-8.38,-0.59,-3.52
50,3.63,-5.21,-1.07,0.48,-9.34,-2.91,-3.36
51,2.12,-5.33,-1.26,4.95,-9.28,-4.92,-4.06
52,-0.39,-5.22,-2.23,7.53,-7.39,-4.74,-0.85
53,-2.67,-4.68,-2.81,9.31,-5.93,-3.8,0.56
54,-4.49,-3.92,-3.3,10.19,-3.45,-0.08,2.68
55,-5.34,-3.05,-3.04,10.82,-2.9,1.92,3.13
56,-5.44,-2.21,-1.12,11.24,0.12,2.83,5.11
57,-5.28,-1.42,2.27,11.4,1.42,0.13,5.74
58,-4.57,-0.67,4.9,11.13,3.48,-1.24,7.92
59,-2.91,-0.12,6.46,8.3,4.14,-2.94,8.84
60,-0.25,0.14,7.71,3.91,4.77,-3.09,8.25
61,1.71,-0.01,7.16,0.91,4.22,-2.01,6.35
62,2.9,-0.24,5.32,-0.51,3.92,-2.62,3.96
63,2.68,-0.93,4.51,-1.77,3.33,-3.02,1.84
64,1.28,-1.64,1.67,-2.29,2.53,-5.34,-0.74
65,0.04,-2.12,-1.2,-2.38,1.1,-3.53,-2.31
66,-1.25,-2.65,-3.95,-2.54,-0.08,-2.8,-3.81
67,-2.12,-2.5,-5.36,-2.71,-0.77,-1.4,-4.16
68,-2.73,-2.44,-5.9,-2.69,-1.61,-0.84,-4.04
69,-2.72,-1.85,-6.12,-2.85,-1.88,0.28,-3.88
70,-2.59,-1.55,-5.98,-2.87,-1.43,0.31,-3.86
71,-1.79,-1.04,-5.1,-2.82,-1.48,2.34,-1.68
72,-0.53,-0.72,-3.94,-3.02,-1.46,1.52,0.21
73,0.81,-0.61,-2.14,-3.6,-0.94,-0.29,-0.13
74,1.75,-0.75,0.53,-3.6,-1.09,-4.12,0.22
75,2.29,-1.14,2.07,-3.61,-0.53,-4.16,0.92
76,2.72,-1.53,2.18,-3.56,-0.64,-2.76,1.61
77,2.92,-2.23,0.53,-1.86,-1.2,-0.61,1.73
78,3.07,-2.93,-1.12,1.73,-1.33,-0.1,0.2
79,2.77,-3.71,-2.09,5.59,-1.84,-1.01,0.12
80,2.02,-4.22,-1.19,7.97,-1.87,-1.35,-1.7
81,1.12,-4.47,0.48,9.37,-1.21,-0.98,-0.16
82,0.04,-4.4,1.65,10.04,-0.48,-0.49,2.15
83,-0.92,-4.22,2.84,10.32,0.34,-0.75,1.93
84,-1.91,-3.74,3.06,11.11,0.88,-2.79,2.92
85,-2.62,-2.61,3.71,11.06,0.79,-3.89,3.29
86,-3.6,-2.24,3.21,11.24,0.84,-2.91,1.54
87,-4.5,-1.27,2.38,11.31,0.69,-1.28,2.21
88,-5.1,-0.83,0.96,10.79,0.7,0.42,1.3
89,-4.97,-0.4,0.5,7.23,0.88,1.25,1.1
90,-4.35,-0.01,1.04,3.35,1.24,-0.81,0.79
91,-2.8,0.43,1.79,-1.43,0.84,-2.09,2.04
92,-0.69,0.47,1.87,-4.54,1.58,-3.41,2.37
93,0.8,0.23,0.53,-6.26,0.79,-3.66,1.68
94,1.41,-0.27,-1.96,-6.91,0.06,-2.03,-0.12
95,1.75,-0.66,-4.08,-7.57,-1.77,-2.23,-2.33
96,1.93,-1.36,-5.26,-7.76,-2.89,-3.15,-3.1
97,1.76,-2.1,-5.48,-8.15,-3.4,-1.58,-3.7
98,1.42,-2.61,-6,-8.39,-4.89,0.38,-4.47
99,1.71,-2.97,-6.65,-8.14,-5.27,-0.38,-4
100,2.75,-3.17,-5.68,-5.02,-5.03,0.09,-3.36
101,3.22,-2.97,-3.44,-1.43,-4.82,-2.01,-1.69
102,3.16,-3.05,-0.84,3.43,-4.32,-3.36,-1.13
103,2.53,-3.05,0.76,7.24,-3.9,-2.56,0.46
104,1.74,-2.84,1.31,8.79,-5.15,-1.6,-0.35
105,1.32,-2.81,0.82,9.67,-4.05,-0.97,-0.44
106,1.38,-2.79,0.54,10.21,-3.49,-1.21,1.46
107,0.6,-2.93,0.94,10.41,-3.19,-2.6,1.51
108,-0.58,-2.77,1.94,11.07,-2.59,-2.99,1.96
109,-1.84,-2.58,2.92,11.08,-2.14,-1.54,2.21
110,-3.03,-2.39,3.13,11.27,-1.51,-1.67,1.91
111,-3.7,-2.23,2.55,11.29,-1.63,-0.5,1.64
112,-3.78,-1.9,2.13,11.27,-1.3,-1.94,2.09
113,-3.73,-1.77,1.06,9.63,-0.36,-2.96,2.13
114,-3.65,-1.58,0.04,6.46,0.33,-1.03,3.22
115,-3.87,-1.33,-0.22,1.88,1,-1.83,3.33
116,-4.38,-1.11,0.68,-2.34,0.93,-1.31,2.9
117,-4.44,-0.82,1,-4.44,0.86,-3.62,2.16
118,-3.82,-0.36,0.94,-6.04,0.31,-2.56,0.43
119,-2.5,0.25,0.48,-6.34,0.01,1.17,0.45
120,0.06,0.71,-0.61,-6.65,0.25,1.92,-0.28
121,2.72,0.45,-1.55,-6.88,-0.41,1.27,-0.56
122,5.09,0.29,-1.82,-7.16,0.58,-1.5,1.15
123,6.36,-0.66,-1.06,-7.5,-0.09,-3.44,1.03
124,6.55,-1.77,-1.07,-7.51,-0.46,-3.91,0.7
125,6.03,-3.08,-1.22,-7.59,-2.05,-3.82,-1.57
126,4.89,-4.1,-2.49,-5.02,-2.87,-2.63,-2.37
127,3.75,-4.95,-3.71,-1.51,-3.57,-1.2,-3.88
128,2.54,-5.52,-4.04,3.3,-7.02,-0.54,-4.12
129,1.25,-5.88,-4.11,5.96,-8.22,-0.28,-5.58
130,-0.11,-6.05,-2.64,7.57,-10.66,-0.38,-5.66
131,-1.84,-5.78,-1.14,9.13,-9.07,-0.76,-4.57
132,-3.63,-5.13,0.9,9.21,-9.77,-2.48,-3.26
133,-4.58,-4.26,1.77,9.43,-6.89,-3,-1.14
134,-4.83,-3.13,1.46,9.52,-4.92,-1.36,2.39
135,-4.88,-1.82,0.85,9.58,-3.22,-0.58,3.24
136,-4.8,-0.35,0.94,9.55,-1.87,-1.05,4.33
137,-3.94,0.83,1.46,7.29,0.17,-2.01,4.63
138,-1.39,1.62,2.26,3.69,0.92,0.23,5.39
139,1.7,1.52,3.02,0.34,1.25,0.05,5.22
140,4.57,1.12,3.98,-0.99,0.91,1.04,3.54
141,4.91,0.23,3.89,-2.24,0.95,-2.34,3.42
142,3.5,-1.07,3.17,-2.45,1.05,-4.35,2.63
143,2.56,-2.59,1.71,-2.67,0.91,-4.23,1.84
144,2.69,-3.88,0.43,-2.8,0.35,-2.64,0.82
145,2.46,-4.77,-0.64,-3.91,-0.31,-0.85,-0.72
146,0.96,-5.41,-1.21,-3.93,-1.86,-0.98,-2.25
147,-1.81,-5.24,-1.59,-3.93,-2.09,-2.37,-3.94
148,-3.88,-4.74,-2.57,-1.73,-2.73,-3.2,-2.94
149,-4.6,-3.65,-2.89,0.56,-2.74,-3.75,-2.09
150,-5.12,-2.28,-2.95,2.02,-2.35,-3.32,-1.91
151,-5.19,-0.75,-2.78,2.66,-2.53,-1.03,-0.62
152,-4.25,0.62,-2.39,2.95,-1.09,0.95,0.02
153,-2.87,1.77,-2.73,3.02,-1.19,0.79,1.07
154,-1.36,2.52,-2.67,3.19,-0.41,0.32,1.96
155,1.01,2.63,-1.99,3.18,0.28,-0.87,3.03
156,3.94,2.18,-1.04,3.17,0.92,-2.16,3.16
157,5.66,0.97,-0.36,3.18,1.26,-1.98,3.16
158,6.06,-0.42,-0.43,3.31,1.35,-0.51,3.05
159,5.14,-2.4,-0.54,3.26,0.98,-1.89,2.15
160,3.35,-4.43,-0.91,3.31,0.64,-1.62,1.27
161,0.94,-6.1,-0.67,3.29,0.3,-3.06,-0.49
162,-1.07,-7.21,-0.34,3.3,-0.79,-2.31,-1.8
163,-2.21,-7.68,0.53,3.32,-0.77,-2.26,-2.02
164,-2.68,-7.46,1.7,3.29,-0.54,-0.83,-1.75
165,-2.76,-6.83,2.98,3.3,-0.01,-1.02,-0.02
166,-2.84,-5.51,4.05,3.29,0.15,-2.48,1.11
167,-2.93,-3.77,3.96,3.31,1.28,-0.67,2.2
168,-2.94,-2.15,3.84,3.34,1.3,-2.15,1.96
169,-2.6,-0.55,3.16,3.31,1.72,-1.8,2.6
170,-2.28,0.58,1.88,3.32,1.58,-1.36,2.95
171,-2.18,1.58,0.57,3.36,1.6,-0.85,2.24
172,-1.73,2,-0.31,3.3,0.87,0.57,0.86
173,-0.68,1.76,-0.08,3.31,0.6,-0.74,0.06
174,-0.2,1.01,-1.03,3.29,-0.1,-3.18,-0.98
175,-0.23,-0.24,-1.65,3.26,-0.51,-2.74,-1.11
176,-0.81,-1.75,-2.43,3.07,-0.91,-3.42,-1.51
177,-2.27,-3.05,-3.22,0.56,-2.07,-1.3,-2.31
178,-3.88,-4.01,-3.88,-2.5,-1.85,-0.95,-2.6
179,-4.65,-4.27,-3.58,-4.74,-2.4,-1.3,-2.88
180,-4.42,-4.05,-2.86,-6.98,-1.98,-2.56,-2.32
181,-3.33,-3.39,-1.61,-8.36,-1.77,-2.25,-0.64
182,-2.7,-2.35,-1.03,-8.87,-1.24,-1.72,0
183,-2.35,-1.01,-0.53,-9.39,-1.62,-1.89,0.55
184,-1.03,0,-0.86,-9.79,-0.52,-2.75,0.7
185,0.48,1.15,-1.73,-10.14,-0.03,-1.85,3.16
186,1.97,1.93,-2.82,-10.42,0.53,-0.27,2.84
187,4.25,2.56,-3.4,-10.41,0.35,1.7,2.56
188,6.43,2.33,-2.65,-10.57,0.92,2.22,2.2
189,8.67,1.76,-0.2,-10.23,0.8,1.8,2.7
190,9.71,0.31,2.39,-7.1,0.74,-0.51,1.61
191,8.66,-1.68,3.66,-2.77,-0.83,-2.77,-1.45
192,6.1,-3.65,3.17,2.07,-1.75,-5.44,-2.23
193,1.73,-5.25,1.74,5.95,-3.76,-5.96,-4.22
194,-2.26,-6.32,-0.28,8.27,-6.29,-2.11,-5.08
195,-4.46,-6.45,-1.14,9.79,-4.99,-1.05,-4.22
196,-6.57,-5.97,-0.32,10.36,-4.63,-1.92,-2.7
197,-8.64,-4.26,1.36,11.26,-2.89,-1.08,-1.13
198,-9.1,-2.24,3.13,11.34,-2.1,-0.16,2.22
199,-7.51,0.03,3.94,9.08,-0.74,-2.97,2.79
200,-4.33,2,3.06,4.89,-0.02,-2.77,4.27
201,-1.6,3.45,1.72,0.61,1.71,-2.33,4.05
202,0.97,4.18,-0.38,-2.29,1.72,0.5,5.4
203,3.9,4.2,-1.61,-2.97,1.47,-0.4,4
204,5.97,3.32,-1.81,-4.39,1.04,0.31,2.52
205,6.3,1.64,-1.81,-4.71,0.87,-1.42,1.21
206,5.85,-0.66,-2.48,-4.84,0.3,-2.16,-0.73
207,5.67,-2.77,-2.29,-5.04,-0.69,-1.74,-0.72
208,5.43,-4.99,-2.43,-5.12,-2.51,-2.72,-3.85
209,5.01,-6.29,-1.95,-3.25,-4.89,-2.96,-5.16
210,3.64,-7.1,-1.15,0.66,-4.52,-1.55,-5.33
211,1.71,-7,-1.07,4.49,-7.49,-2.85,-4.63
212,-1.19,-6.14,-1.58,5.82,-9.3,-2.45,-4.48
213,-3.22,-4.62,-1.91,7.12,-12.01,-1.87,-5.35
214,-3.6,-2.83,-2.44,7.64,-9.63,-1.32,-5.02
215,-3.34,-1.1,-1.87,7.85,-8.75,-0.73,-1.61
216,-2.83,0.44,-1.33,8.04,-6.03,-1.5,0.11
217,-1.86,1.86,-0.67,8.12,-2.84,0.25,4.35
218,-0.36,2.23,0.25,8.2,-0.52,0.62,5.2
219,1.27,2.47,0.54,8.2,1.32,0.63,5.99
220,2.56,1.71,1.51,8.34,2.72,-0.98,6.92
221,3.05,0.56,2.23,8.35,2.56,-1.55,6.12
222,2.51,-1.05,2.98,8.5,2.57,-1.77,6.09
223,1.03,-3.17,3.44,8.53,1.92,-0.65,2.8
224,-0.72,-4.77,3.28,8.56,1.85,-2.38,1.63
225,-1.55,-5.9,2.91,7.23,2.31,-2.68,1.83
226,-1.67,-6.42,2.43,4.01,1.55,-4.59,0.97
227,-2.04,-6.26,1.38,0.33,1.18,-5.35,-0.15
228,-2.59,-5.67,-0.16,-2.24,0.13,-3.8,-1.31
229,-2.92,-4.47,-1.72,-2.82,-0.76,-1.24,-3.48
230,-3.63,-2.9,-2.71,-4.15,-3.34,-0.88,-4.22
231,-4.31,-1.14,-3.29,-4.41,-3.85,0.32,-4.35
232,-3.84,0.6,-3.7,-4.51,-3.57,-1.43,-2.55
233,-2.43,1.98,-3.53,-4.81,-2.7,-0.36,-2.47
234,-0.33,3.1,-3.02,-4.82,-2.05,-0.36,-0.39
235,2.14,3.37,-2.29,-4.94,-1.91,0.99,0.14
236,4.39,2.72,-1.37,-4.94,-1.9,1.29,0.69
237,5.69,1.44,-1.13,-4.95,-2.38,-0.61,-0.04
238,6.35,-0.03,-0.14,-4.93,-2.41,-1.76,-0.43
239,5.79,-1.96,0.47,-4.86,-2.39,-2.72,-0.41
240,4.09,-3.89,0.03,-2.48,-2.97,-4.31,-0.33
241,1.66,-5.44,-1.17,1.22,-3.39,-3.24,-1.33
242,-0.82,-6.38,-2.25,4.81,-4.01,-3.16,-1.24
243,-2.84,-6.42,-2.36,6.6,-5.21,-3.02,-2.16
244,-3.73,-6.02,-2.4,7.28,-5.44,-1.39,-1.82
245,-3.36,-5.33,-2.05,7.77,-5.83,-0.13,-2.18
246,-2.76,-4.12,-1.13,7.87,-4.8,0.85,-1.37
247,-2.73,-2.85,-0.41,7.97,-2.12,2.2,2.46
248,-3.04,-1.62,0.84,8.01,-0.2,-1.36,4.31
249,-3.07,-0.52,1.33,8.13,2.01,-1.47,5.24
250,-2.04,0.25,2.1,7.73,2.48,-2.93,6.51
251,-0.58,0.29,2.08,5.38,3.27,-3.28,6.07
252,0.45,0.29,2.16,2.33,3.05,-2.63,5.88
253,1.42,0.22,1.52,0.28,2.77,-1.24,2.89
254,2.27,-0.28,0.6,-0.45,2.44,-0.79,2.7
255,2.99,-1.23,-0.33,-0.84,2.22,0.43,0.19
256,2.62,-2.15,-0.22,-1.42,1.53,0.38,-0.52
257,1.54,-3,-0.31,-1.55,0.63,-0.78,-2.3
258,0.17,-3.52,-0.3,-1.86,-1.47,-2.42,-2.73
259,-0.51,-3.7,-0.02,-2.16,-1.06,-4.21,-3.11
260,-1.06,-3.63,-0.37,-2.18,-2.3,-3.8,-3.12
261,-2.02,-3.15,-1.47,-2.33,-3.07,-1.32,-3.18
262,-2.62,-2.33,-2.39,-2.27,-3.88,-1.03,-3.18
263,-2.22,-1.29,-2.58,-2.24,-4.28,0.38,-3.63
264,-0.84,-0.54,-2.79,-2.28,-5.34,0.76,-4.52
265,0.63,0.32,-2.66,-2.25,-5.28,-0.85,-3.43
266,1.23,0.63,-2.72,-2.27,-4.34,-1.74,-1.28
267,1.36,0.34,-3.23,-2.28,-3.23,-2.07,-0.03
268,1.81,0.42,-3.04,-2.25,-2.3,-1.75,1.55
269,2.08,-0.3,-3.17,-2.31,-2.41,-0.96,1.85
270,2.44,-0.96,-2.45,-1.89,-1.38,0.65,2.04
271,3.25,-2.02,-1.08,1.27,-0.16,0.2,2.75
272,3.57,-3.22,0.51,4.79,0.44,-0.27,3.3
273,2.71,-4.24,3.07,7.01,-0.18,-2.57,3.21
274,1.05,-5.24,4.22,7.77,-0.2,-2.74,1.64
275,-0.31,-5.8,4.6,8.14,-0.53,-3.25,1.42
276,-1.48,-5.93,4.42,9.03,-0.08,-3.18,1.4
277,-2.88,-5.61,4.31,9,-0.92,-3.77,0.54
278,-4.63,-4.74,3.41,9.21,-0.53,-4.63,0.62
279,-5.47,-3.39,1.82,9.21,-1.13,-4.53,-0.2
280,-4.5,-2.03,0.6,9.17,-1.8,-2.47,-0.14
281,-2.87,-0.51,-1.12,9.17,-1.36,-0.17,-0.02
282,-0.86,0.2,-1.88,6.96,-1.62,0.13,0
283,0.71,1.02,-2.12,4,-1.35,1.55,-0.06
284,1.8,1.29,-1.78,2.2,-1.23,-1.1,-0.34
285,2.54,0.84,-1.06,0.97,-2.11,-2.81,-0.91
286,2.28,0.07,-1.02,0.03,-2.58,-2.72,-0.43
287,0.95,-0.67,-1.74,0.05,-2.86,-1.17,-1.25
288,-0.41,-1.72,-2.31,-0.27,-4.74,1.07,-2.15
289,-1.31,-2.69,-2.24,-0.39,-6.1,-0.01,-3.59
290,-2.01,-3.42,-1.51,-0.82,-8.22,-1.93,-3.76
291,-2.8,-3.74,-1.17,-1.32,-6.62,-3.31,-3.65
292,-3,-3.72,-1.15,-1.28,-6,-4.49,-0.94
293,-2.1,-3.46,-1.96,-1.35,-4.27,-3.03,-0.01
294,-0.97,-2.91,-2.66,-1.39,-2.77,-1.32,2.25
295,-0.58,-2.31,-2.34,-1.38,-2.41,0.08,3.32
296,-0.75,-1.68,-2.03,-1.41,-1.15,1.12,2.96
297,-1.15,-1.2,-1.08,-1.43,-0.83,-1.51,2.72
298,-1.61,-0.96,-0.39,-1.44,-0.27,-3.11,2.56
299,-1.76,-0.73,-0.41,-1.47,0.32,-2.71,2.75
300,-1.17,-0.41,-0.23,-1.44,1.17,-3.82,4.1
301,-0.64,-0.54,-1.21,-1.47,1.08,-1.27,3.38
302,-0.22,-0.37,-1.57,-1.44,1.6,0,2.86
303,0.29,-0.27,-1.75,-1.4,1.37,1.19,2.83
304,1.59,-0.49,-1.91,-1.46,1.68,0.7,2.07
305,4.28,-0.71,-0.93,-1.45,1.42,-0.18,1.84
306,6.18,-1.21,0.57,-1.43,1.08,-3.39,0.47
307,5.87,-1.71,1.85,-1.41,0.2,-1.68,0.25
308,4.43,-2.47,2.17,-1.4,-1.4,-2.41,-1.52
309,3.44,-2.97,1.38,-1.31,-2.95,-2.31,-3.88
310,2.89,-3.45,0.43,0.99,-3.24,-2.01,-3.66
311,1.4,-3.77,0.87,4.78,-3.2,-2.69,-3.05
312,-0.38,-3.68,1.5,6.9,-4.5,-2.74,-3.38
313,-1.38,-3.43,0.8,7.74,-4.87,-1.77,-3.73
314,-1.34,-3.17,0.62,8.16,-5.47,-0.41,-2.54
315,-0.84,-2.7,-0.69,8.96,-5.4,-0.81,-2.14
316,0.21,-2.19,-1.25,9.16,-5.55,-2.16,-2.38
317,1.13,-1.68,-1.82,9.11,-4.56,-3.14,-1
318,0.98,-1.46,-2.75,9.1,-5.2,-2.97,0.15
319,0.61,-1.45,-3.62,9.09,-4.22,-0.85,0.1
320,0.34,-1.91,-4.01,9.04,-3.57,-0.31,1.67
321,-0.01,-2.22,-3.21,9.02,-3.4,-0.32,1.32
322,-0.95,-2.66,-1.27,9.03,-2.56,-2.23,1.92
323,-2.56,-3.09,0.48,8.97,-2.19,-3.09,2.18
324,-4.63,-3.36,0.76,8.98,-1.65,-1.81,2.72
325,-5.45,-3.4,0.56,7.65,-1.16,-1.69,2.36
326,-4.26,-2.83,-0.27,4.11,-0.34,0.47,2.72
327,-2.91,-2.48,-0.35,-0.02,0.68,-2.58,3.33
328,-1.99,-1.79,0.67,-2.55,2.17,-3.36,4.86
329,-1.39,-0.93,1.4,-4.45,2.04,-2.89,4.83
330,-0.12,-0.34,1.93,-4.8,1.91,-0.85,3.74
331,0.9,0.12,1.46,-5.12,2.04,0.03,2.87
332,1.75,0.29,0.58,-5.9,1.87,1.09,1.62
333,2.89,0.34,0.62,-6.17,1.94,0.03,1.55
334,3.32,0,1.03,-6.34,1.48,-2.12,0.7
335,3.99,-0.51,1.93,-6.33,1.33,-2.91,0.12
336,4.39,-1.18,2.15,-5.72,0.7,-2.62,-0.91
337,4.18,-2.15,1.46,-1.99,-1.29,-1.37,-2.42
338,3.46,-2.96,0.25,2.2,-2.71,-1.16,-3.45
339,1.97,-3.73,-1.24,6.17,-5.64,-1.92,-4.59
340,0.48,-4.03,-2.32,8.71,-6.08,-0.55,-5.17
341,-0.66,-4.19,-2.29,10.23,-6.95,-1.01,-4.82
342,-1.38,-4.17,-1.28,11.32,-7.46,-1.43,-4.52
343,-2.25,-4.14,-0.88,11.44,-6.89,-2.56,-3.36
344,-3.29,-3.82,-0.38,11.58,-7.06,-2.74,-2.07
345,-4.12,-3.3,-1.24,11.66,-4.4,-3.22,0.62
346,-4.84,-2.77,-1.98,11.68,-3.32,-3.69,2.32
347,-5.45,-2.08,-3.45,11.13,-1.43,-1.97,3.55
348,-4.74,-1.27,-3.2,7.8,-0.58,-0.99,4.32
349,-3.54,-0.56,-1.9,3.47,0.77,-0.2,4.47
350,-1.59,-0.25,-0.83,-0.32,1.02,-2.14,5.22
351,-0.05,0.24,0.44,-2.51,1.14,-2.32,4.47
352,0.95,0.17,0.72,-3.65,0.79,-1.73,2.94
353,1.77,0.4,-0.14,-4.41,0.55,-0.81,2.72
354,2.15,-0.11,-1.02,-4.52,0.49,-2.66,0.78
355,2.56,-0.85,-1.98,-4.86,-0.02,-2.12,0.73
356,2.92,-1.31,-1.94,-4.93,-0.41,-0.4,-0.36
357,2.77,-1.98,-1.88,-5.05,-0.47,1.18,-0.59
358,2.1,-2.55,-1.04,-5.11,-0.62,-0.46,-0.97
359,0.98,-2.88,-0.27,-3.64,-0.71,-1.77,-0.54
360,-0.2,-2.91,0.6,0.46,-0.01,-3.3,0.63
361,-0.85,-2.78,1.07,2.98,0.05,-3.77,0.54
362,-1.21,-2.6,1.37,4.59,-0.41,-2.58,0.44
363,-0.8,-2.12,1.73,5.3,0.04,-0.49,0.46
364,-0.5,-1.85,1.72,5.61,0.58,-1.02,1.35
365,-0.26,-1.45,1.72,6.33,-0.06,-1.68,1.24
366,-0.44,-1.29,1.01,6.25,0.44,-2.07,0.99
367,-0.95,-1.3,-0.36,6.42,-0.37,-1.67,0.54
368,-1.19,-1.61,-1.08,6.44,-0.79,-1.75,0.01
369,-0.26,-1.83,-0.8,6.4,-1.55,-1.13,-1.1
370,1.21,-2.11,0.47,6.38,-1.4,-1.34,-1.22
371,2.34,-2.61,1.21,6.4,-1.46,-1.65,-0.59
372,2.02,-3.28,0.74,6.36,-1.76,-3.32,-0.73
373,0.75,-4.02,-0.15,6.39,-1.4,-4.65,-0.24
374,-0.98,-4.35,-2.12,6.35,-2.09,-4.83,-0.32
375,-2.27,-4.74,-3.59,6.37,-1.78,-3.06,-0.71
376,-3.22,-4.41,-4.87,6.42,-1.93,0.01,-0.54
377,-4.48,-3.87,-4.81,6.39,-1.61,0.99,-0.65
378,-4.95,-3.21,-3.52,6.41,-1.53,0.79,0.08
379,-4.77,-2.19,-1.98,5.55,-1.1,-0.07,0.83
380,-4.41,-1.23,-0.43,2.26,-0.84,-2.89,1.47
381,-3.8,-0.21,1.19,-0.7,-0.43,-0.99,1.62
382,-2.95,0.5,1.51,-2.73,0.29,-1.58,2.02
383,-1.71,0.95,1.82,-4.33,1.17,-0.85,3.47
384,-0.54,1,2.01,-4.59,1.19,-0.15,3.99
385,0.14,0.78,2.43,-4.8,1.26,-1.64,3.51
386,0.28,0.28,1.92,-5.05,0.43,-1.26,0.99
387,0.31,-0.52,1.29,-5.69,0.09,-1.92,0.05
388,0.7,-1.35,1,-5.84,0.16,0.35,-0.19
389,0.97,-2.34,1.87,-5.98,-0.18,1.28,-0.39
390,1.14,-3.07,3.31,-6,0.63,-1.2,0.54
391,1.2,-3.58,4.53,-6.16,0.67,-3.79,1.11
392,0.87,-3.72,4.78,-6.15,0.69,-5.86,1.07
393,0.09,-3.82,4.32,-6.21,0.13,-3.51,0.32
394,-0.06,-3.46,1.64,-6.17,-0.99,-1.04,-1.86
395,0.08,-2.81,-0.37,-3.75,-3.11,0.54,-3.36
396,-0.39,-2.32,-1.29,0.14,-2.77,-0.4,-3.79
397,-2,-1.95,-1.34,2.35,-4.86,-1.7,-3.86
398,-3.49,-1.49,-1.98,3.13,-5.07,-4.66,-3.61
399,-4.34,-1.14,-3.41,4.29,-5.8,-4.73,-2.06
400,-4.29,-0.9,-4.43,4.51,-6.9,-1.76,-2.66
401,-3.39,-0.67,-5.53,4.66,-7.85,-1.02,-4.14
402,-1.71,-0.79,-6.22,4.69,-6.52,-0.62,-3.25
403,0.5,-0.93,-5.81,4.74,-4.96,0.65,0.72
404,2.16,-1.27,-4.45,4.72,-2.71,0.23,1.8
405,2.76,-1.85,-2.75,4.76,-2.16,-1.78,2.57
406,3.04,-2.43,-1.96,4.83,-1.28,-3.3,3
407,2.44,-3.15,-1.08,4.91,0.59,-2.25,4.49
408,1.12,-3.76,-1.12,4.94,-0.37,-2.6,4.3
409,-0.09,-3.89,-0.92,4.93,1.51,-0.75,4.72
410,-0.39,-3.94,-0.1,4.92,1.74,-0.63,5.28
411,-1.08,-3.76,1.4,4.97,3.01,-0.98,5.12
412,-2.21,-3.45,3.5,4.88,2.75,-2.31,5.01
413,-2.83,-2.79,4.41,2.66,3.38,-2.36,4.34
414,-3.28,-1.98,4.33,-0.39,3.16,-1.79,4.26
415,-3.11,-0.96,4.22,-2.94,3.66,-1.25,3.38
416,-3.17,-0.24,3.92,-4.81,3.64,-1.56,3.64
417,-2.87,0.43,3.79,-6.2,3.93,-1.21,3.23
418,-1.92,0.99,3.25,-6.55,3.7,-1.44,2.97
419,-0.13,1.48,2.88,-6.94,3.42,-1.71,2.54
420,1.76,1.41,1.75,-7.01,2.58,-2.48,0.08
421,3.44,0.9,0.46,-7.16,1.6,-2.86,-1.76
422,4.25,0.23,-1.2,-7.46,0.52,-2.61,-4.04
423,4.72,-0.95,-2.84,-7.48,-0.83,-0.98,-4.55
424,4.72,-2.2,-3.63,-7.47,-3.68,-1.68,-5.78
425,3.85,-3.4,-3.93,-7.23,-7.01,-4.31,-7.03
426,2.89,-4.19,-4.01,-4.44,-9.1,-2.87,-6.63
427,1.12,-4.5,-4.63,-0.02,-12.2,-2.05,-7.04
428,-0.29,-4.58,-6.61,2.74,-11.97,-2.24,-6.95
429,-0.88,-4.09,-8.2,4.58,-12.94,-1.79,-4.68
430,-1.18,-3.44,-8.54,5.15,-12.07,-0.82,-4.66
431,-1.09,-2.61,-7.83,5.55,-8.94,0.39,-0.71
432,-0.5,-1.65,-4.67,6.27,-4.57,0.32,2.32
433,0.11,-1.02,-1.07,6.31,1.04,0.76,6.88
434,0.79,-0.64,1.5,6.32,2.74,1.56,9.26
435,2.02,-0.32,3.37,6.33,3.89,-0.51,9.15
436,2.91,-0.84,4.56,6.34,3.53,-3.18,9.09
437,2.07,-1.4,4.72,6.52,3.93,-4.7,7.28
438,0.65,-2.19,4.84,6.54,3.23,-3.62,5.96
439,-1.07,-2.92,4.36,6.45,3.1,0.66,3.02
440,-2.85,-3.24,3.79,6.43,2.3,0.25,1.27
441,-3.94,-3.42,2.98,6.43,2.57,-1.86,-0.06
442,-3.91,-3.27,1.4,6.35,2.2,-2.4,0.01
443,-3.7,-2.82,-0.35,6.24,1.97,-2.54,-0.77
444,-3.11,-2.27,-2.09,3.68,1.52,-2.57,-0.39
445,-1.93,-1.46,-2.96,0,1.16,-1.7,-1.96
446,-0.72,-0.79,-3.12,-2.33,0.13,-1.07,-2.09
447,0.33,-0.25,-2.65,-3.5,0,-1.44,-2.02
448,1.77,0.04,-1.61,-4.4,-1.05,-0.62,-2.61
449,3.49,0.22,-0.33,-4.56,-0.81,0.26,-1.87
450,5.62,-0.09,0.52,-4.83,-1.11,1.24,-2.02
451,7.55,-0.55,0.65,-4.97,-1.96,-0.1,-1.12
452,8.91,-1.16,0.48,-5.05,-3.01,-2.03,-2.09
453,8.91,-2.4,0.63,-4.49,-4.73,-3.43,-3.51
454,7.01,-3.62,-0.18,-1.67,-5.26,-1.6,-3.85
455,4.42,-4.4,-1.03,3.08,-7.83,-3.18,-4.83
456,1.93,-4.84,-2.67,6.99,-7.44,-2.56,-4.44
457,-0.77,-4.9,-4.48,8.66,-8.13,-1.16,-3.24
458,-3.64,-4.38,-5,9.92,-7.23,-1.64,-2.29
459,-5.24,-3.24,-5.17,10.42,-6.5,-3.31,-0.1
460,-6.53,-1.92,-5.03,11.36,-4.77,-3.28,0.71
461,-8.23,-0.48,-4.33,11.51,-1.18,-0.9,4.15
462,-8.64,0.89,-3,11.47,1.21,-0.59,5.52
463,-7.47,2.13,-1.87,9.87,3.49,0.83,8.19
464,-4.96,3.2,0.03,6.61,3.75,2.72,8.73
465,-1.23,3.9,2.47,2.22,4.27,0.39,7.23
466,2.73,3.93,4.4,-0.37,4.6,-0.31,6.9
467,6.02,3.28,4.78,-2.01,4.77,-2.4,6.77
468,7.55,2.19,4.95,-2.53,4.28,-3.97,5.55
469,6.81,0.33,4.38,-2.81,3.42,-3.11,1.39
470,6,-1.33,2.01,-2.95,2.34,-1.15,-0.84
471,5.78,-3.54,-0.41,-3.75,1.5,-1.9,-3.84
472,4.79,-5.36,-2.09,-1.36,-0.42,-2.56,-4.61
473,2.71,-6.52,-2.52,3.04,-0.7,-1.99,-4.68
474,-0.21,-6.89,-3.3,5.77,-3.09,-3.18,-5.48
475,-3.32,-6.29,-3.6,7.35,-2.31,-4.63,-4.85
476,-5.64,-5.12,-4.17,8.16,-2.56,-3.09,-3.31
477,-6.18,-3.42,-3.24,9.07,-1.87,-0.79,-1.38
478,-5.37,-1.57,-1.84,9.26,-1.29,1.23,0.61
479,-3.87,0.17,-0.15,9.35,0.04,2.74,1.71
480,-1.73,1.61,1.8,9.44,2.13,1.58,3.97
481,0.13,2.54,2.97,9.44,2.46,-0.68,5.56
482,1.56,2.51,3,9.44,2.76,-3.47,5.16
483,2.99,1.84,2.29,9.44,2.42,-3.55,3.94
484,3.11,0.45,0.62,9.45,1.77,-2.63,1.78
485,1.73,-1.12,-1.29,9.27,-0.26,-1.3,-0.07
486,-0.73,-3,-3.55,8.81,-0.87,-0.8,-3.48
487,-2.94,-4.47,-4.84,6.01,-1.86,0.15,-4.2
488,-4.62,-5.62,-4.49,2.01,-2.39,-2.01,-3.57
489,-5.57,-5.94,-2.82,-2.65,-5.56,-3.17,-4.39
490,-5.7,-5.49,-0.98,-5.88,-2.97,-3.89,-4.16
491,-5.49,-4.39,0.36,-8.15,-2.09,-3.69,0.13
492,-4.32,-2.6,0.41,-8.81,-1.7,-1.03,1.75
493,-1.74,-0.48,-0.35,-9.55,-1.12,0.15,1.57
494,0.76,1.31,-1.08,-9.92,-0.29,0.74,2.27
495,2.2,2.61,-1.28,-10.43,1.04,0.69,4.03
496,3.24,3.27,-1.09,-10.6,1.41,-0.36,4.32
497,4.33,3.01,0.64,-10.58,1.28,-0.33,3.58
498,5.31,2.07,1.4,-8.8,1.15,-0.47,1.83
499,6.07,0.56,2.39,-4.88,1.6,-1.84,2.28
500,6.07,-1.27,2.54,-0.43,0.79,-1.27,1.54
501,5.28,-3.07,2.99,4.35,0.44,-0.65,-0.48
502,4.37,-4.9,2.78,7.6,-0.17,-2.17,-1.32
503,2.55,-6.29,2.71,9.74,-0.88,-3.59,-1.98
504,-0.32,-6.98,2.53,11.36,-2.69,-5.83,-2.17
505,-2.83,-6.85,1.95,11.66,-4.91,-4.77,-3.19
506,-4.65,-6.05,0.62,11.84,-6.96,-2.57,-4.78
507,-5.17,-4.6,-0.65,12.01,-6.45,-1.7,-4.4
508,-5,-2.83,-0.98,12.15,-6.24,0.18,-3.84
509,-4.73,-0.95,-1.94,12.11,-4.95,-0.39,-1.29
510,-4.02,0.6,-1.78,10.97,-4.87,-1.68,0.98
511,-2.73,1.76,-2.32,6.89,-4.11,-2.55,0.87
512,-1.06,2.38,-3.24,3.3,-2.35,-0.59,1.93
513,0.78,2.48,-3.93,0.89,-1.45,-0.71,3.37
514,2.31,1.72,-4.66,-0.18,-0.88,-0.51,2.77
515,3.17,0.73,-4.8,-0.9,-1,-1.64,2.71
516,3.02,-0.4,-4.52,-1.55,-0.98,-1.71,1.72
517,2.91,-1.62,-3.23,-1.91,-0.79,-0.36,2.55
518,2.46,-2.93,-2,-2.31,-1.55,-0.85,0.7
519,2.12,-3.93,-0.17,-2.33,-2.55,0.38,-0.99
520,2.68,-4.5,1.95,-2.39,-1.94,0.86,-1.33
521,3.26,-4.92,3.65,-2.51,-2.2,-0.88,-0.41
522,3.02,-4.87,4.71,-2.39,-1.91,-3.94,0.55
523,2.01,-4.71,4.71,0.24,-1.33,-4.45,1.99
524,0.63,-4.27,4.16,3.35,-1.2,-5.55,1.52
525,-1.01,-3.74,2.52,5.78,-0.88,-3.97,1.06
526,-3.28,-2.85,0.1,7.29,-2.09,-1.39,1.06
527,-4.49,-1.83,-1.94,8.05,-1.27,-0.6,0.17
528,-4.62,-0.8,-2.4,8.33,-1.24,0.16,0.73
529,-4.05,-0.14,-1.79,9.12,-0.33,-1.06,1.61
530,-2.7,0.54,-1.05,9.15,0.28,-1.1,2.48
531,-0.24,0.77,-0.09,9.14,1.23,0.6,3.99
532,2.37,0.83,0.86,9.16,1.89,-0.84,3.8
533,3.35,0.24,1.43,9.15,2.2,-0.72,4.15
534,3.64,-0.77,1.16,9.13,2.15,-0.67,3.35
535,4.31,-2.16,0.93,9.13,1.26,-2.66,1.07
536,4.64,-3.54,0.47,9.11,0.73,-3.3,0.39
537,3.1,-4.94,-0.92,9.1,0.33,-4.49,-1.36
538,0.72,-5.98,-1.93,9.1,-1.77,-5.26,-2.09
539,-1.44,-6.24,-3.8,9.04,-3.84,-4.04,-4.3
540,-3.5,-5.96,-4.86,9.05,-4.26,-1.97,-4.77
541,-4.36,-4.94,-5.65,9.03,-4.28,-0.39,-3.43
542,-5.13,-3.41,-4.88,7.13,-5.58,-0.23,-3.58
543,-6.07,-1.71,-2.88,4.01,-5.24,-1.32,-3.82
544,-6.09,-0.33,-1.22,-0.28,-4.23,-1.08,-1.77
545,-4.52,1.45,0.1,-3.12,-1.2,-0.99,0.83
546,-1.64,2.72,0.21,-4.98,0.61,0.72,4.73
547,1.27,3.03,0.04,-6.41,1.39,0.9,5.25
548,3.38,3.12,0.57,-6.68,2.29,0.31,5.26
549,5.21,2.52,1.11,-6.95,3.05,0.53,5.58
550,6.85,1.13,1.99,-7.11,2.83,-1.53,4.05
551,7.23,-0.9,2.12,-6.9,2.55,-1.8,3.9
552,6.76,-3.03,2.36,-3.69,1.93,-1.99,1.41
553,5.39,-4.99,2.22,0.71,-0.16,-1.87,-0.8
554,3.68,-6.93,1.58,5.35,0.13,-3.35,-2.2
555,1.97,-8.31,1.62,8.33,-1.16,-3.01,-2.14
556,0.12,-8.79,1.7,10.26,-2.33,-2.89,-3.16
557,-2.12,-8.62,1.66,11.54,-3.24,-1.82,-3.57
558,-4.68,-7.69,1.53,11.81,-2.31,-1.94,-3.67
559,-7.16,-6.01,1.76,11.97,-1.26,-1.42,0
560,-7.82,-3.87,2.03,12.12,-1.58,-3.19,0.15
561,-6.12,-1.4,2.01,12.05,0.3,-3.34,1.32
562,-3.81,0.88,1.28,11.26,0.77,-3.19,2.87
563,-1.81,2.29,-0.72,7.36,0.2,-0.68,2.19
564,0.12,3.42,-2.97,4.73,0.11,0.66,1.47
565,1.55,3.29,-5.03,3.39,-0.35,0.47,0.14
566,2.03,2.07,-6.23,2.32,-1.41,-0.87,-0.67
567,2.11,0.6,-6.46,1.97,-1.1,-0.49,-1.12
568,1.72,-0.98,-6.22,1.55,-1.06,-1.74,-0.48
569,1.47,-2.77,-4.92,1.21,-0.87,-2.51,0.12
570,1.85,-4.09,-3.68,1.08,-1.03,-2.73,0.17
571,3.05,-4.83,-2.42,0.46,-2.04,-2.06,0.31
572,4.25,-5.44,-1.2,0.45,-2.66,-2.12,-1.23
573,5.13,-5.29,-0.77,0.5,-2.47,-1.43,-1.31
574,5.55,-5,0.55,0.46,-2.61,-1.53,-0.67
575,4.79,-4.51,2.44,0.49,-2.93,-1.05,-0.61
576,3.14,-3.91,4.11,1.08,-2.07,-1.8,-0.29
577,0.48,-3.48,4.52,4.76,-1.23,-1.93,0.99
578,-1.91,-2.92,3.92,7.38,-1.41,-3.02,1.65
579,-3.18,-2.24,2.12,9.38,-1.62,-2.33,0.62
580,-4.29,-1.83,-0.32,10.14,-0.8,-1.69,0.94
581,-5.31,-1.39,-1.86,11.1,-0.42,-0.34,2.05
582,-5.38,-1.19,-1.81,11.27,0.9,0.31,2.82
583,-5.21,-0.86,-0.32,11.46,1.33,-2.26,3.51
584,-5.18,-0.74,1.62,11.48,2.59,-3.13,4.6
585,-5.78,-0.55,1.62,11.3,2.52,-4.9,4.82
586,-5.88,-0.36,-0.05,8.48,2.18,-2.5,2.6
587,-4.55,-0.03,-1.92,4.2,2.01,-2.59,2.52
588,-1.76,-0.29,-3.46,0.2,1.47,-0.01,1.59
589,0.7,-0.07,-3.65,-2.37,1.1,0.32,-0.25
590,2.74,-0.27,-2.37,-3.01,1.21,-0.62,-0.63
591,4.38,-0.81,-1.85,-4.22,1.22,-1.71,-0.13
592,4.67,-1.51,-1.92,-4.36,0.5,-3.77,0.08
593,4.08,-2.26,-3.21,-4.54,-0.7,-4.95,-2.58
594,2.46,-2.87,-4.44,-4.74,-2.44,-4.93,-3.36
595,0.76,-3.27,-5.61,-4.08,-2.83,-2.96,-4
596,-0.03,-3.54,-5.98,-0.73,-3.47,-1.49,-3.84
597,-0.36,-3.48,-5.94,2.9,-3.39,0.18,-2.39
598,-0.66,-3.45,-5.16,4.82,-3.27,1.9,-1.45
599,-0.29,-3.31,-2.77,5.51,-2.81,-0.13,-0.51
600,-0.2,-3.17,0.13,6.62,-1.66,-2.13,0.59
601,-1.07,-2.96,3.05,6.75,0.2,-1.48,2.08
602,-2.68,-2.68,4.31,6.91,1.98,-0.77,4.94
603,-4.04,-2.57,4.63,6.97,2.43,-0.19,5.87
604,-4.83,-2,4.87,6.97,2.49,-1.15,5.63
605,-4.87,-1.52,5.44,6.98,2.56,-2.55,3.88
606,-3.96,-1.34,5.72,6.96,2.5,-4.32,2.83
607,-3.63,-0.94,5.32,6.95,2.93,-2.18,2.4
608,-3.69,-0.62,4.4,6.97,2.87,-2.41,3.28
609,-3.71,-0.62,2.55,6.08,2.51,-2.33,2.46
610,-2.96,-0.75,0.48,2.39,2.27,-1.92,0.23
611,-1.67,-0.96,-1.46,-0.68,1.58,-3.23,-0.49
612,-1.39,-1.24,-3.32,-2.75,0.99,-2.33,-2.09
613,-1.66,-1.36,-4.86,-4.2,0.27,-2.67,-2.54
614,-1.52,-1.36,-5.98,-4.72,-0.37,-1.27,-3.3
615,-1.28,-1.37,-6.56,-4.9,-1.46,-0.91,-3.4
616,-1.7,-1.17,-6.92,-5.16,-1.73,-0.18,-3.43
617,-1.9,-0.87,-7.01,-5.98,-1.93,1.61,-3.26
618,-0.89,-0.66,-6.11,-6.1,-1.67,1.33,-1.41
619,0.74,-0.4,-4.46,-6.19,-0.87,-1.16,0.83
620,2.32,-0.64,-1.94,-6.25,-0.4,-4.23,1.51
621,2.85,-0.48,-0.15,-6.24,0.92,-4.4,3.51
622,2.17,-0.72,-0.28,-6.21,0.53,-2.17,3.77
623,0.88,-1.28,-0.33,-6.21,0.14,0.66,1.24
624,-0.46,-1.4,0.75,-4.46,-0.25,1.11,0.31
625,-1.58,-1.8,1.66,-1.64,-0.52,0.96,-0.41
626,-1.76,-1.6,3.94,0.75,0.12,-1.69,-0.58
627,-1.96,-1.78,4.59,2.39,0.06,-3.55,0.76
628,-1.75,-1.68,4.88,2.91,0.77,-4.01,1.16
629,-0.79,-1.69,4.74,3.2,0.98,-1.89,1.96
630,0.73,-1.53,3.7,3.4,0.7,-0.86,1.62
631,1.44,-1.36,1.52,3.5,0.61,1.56,0.7
632,1.06,-1.59,-0.42,3.51,0.26,-0.69,0.72
633,0.42,-1.62,-1.07,3.47,-0.36,-1.04,0.29
634,-0.16,-1.9,-1.32,3.47,-1.59,-2.42,-2.64
635,-0.72,-2.03,-1.09,3.49,-1.48,-3.01,-2.52
636,-1.61,-2.35,-0.3,3.42,-1.82,-1.73,-0.86
637,-1.51,-2.5,0.37,3.39,-2.47,-1.74,-1.78
638,-0.52,-2.52,0.84,3.43,-3.13,-1.12,-2.62
639,0.07,-2.5,0.98,3.38,-3.12,-2.69,-2.32
640,-0.1,-2.38,0.51,3.37,-3.63,-2.98,-1.83
641,-0.63,-2.33,-1.37,3.41,-4.24,-3.39,-2.27
642,-0.16,-2.08,-3.18,3.41,-3.97,-3.47,-1.28
643,0.44,-2.01,-5.12,3.45,-3.55,-2.99,-1.14
644,0.1,-1.88,-5.95,3.45,-2.98,-0.54,0
645,-0.53,-1.73,-6.02,3.43,-3.61,1.5,-0.42
646,-0.57,-1.47,-4.79,3.5,-2.53,1.33,0.64
647,0.15,-1.09,-2.8,3.47,-1.62,0.47,1.69
648,1.44,-0.79,-0.97,3.49,-0.28,-0.64,2.94
649,2.36,-0.67,0.7,3.5,-0.07,-2.76,3.81
650,2.49,-0.74,1.39,3.48,0.67,-2.6,3.11
651,1.72,-1.27,2.08,3.51,1.1,-3.06,4
652,0.99,-1.75,2.54,3.52,1.16,-1.36,3.66
653,0.79,-2.04,3.07,3.55,1,-1.12,2.25
654,-0.21,-2.34,3.97,3.6,-0.25,-0.49,0.77
655,-1.83,-2.9,4.65,3.55,-1.14,-1,-2.3
656,-2.87,-3.02,4.75,3.51,-1.1,-2.21,-2.46
657,-3.41,-2.93,4.59,3.5,-1.36,-3.27,-1.47
658,-3.45,-2.56,4.27,1.82,-1.89,-2.61,-1.46
659,-3.01,-1.99,2.08,-1.57,-2.07,-1.6,-2.28
660,-2.02,-1.38,-0.35,-3.25,-2.28,-0.81,-1.69
661,-0.51,-0.82,-2.51,-4.66,-2.09,0,-1.06
662,1.24,-0.69,-3.06,-5.01,-2.36,-2.52,-0.66
663,1.64,-0.7,-2.75,-5.94,-3.07,-4.56,-0.59
664,1.59,-1.13,-2.03,-6.15,-4.25,-3.74,-2.3
665,1.6,-1.64,-2.34,-6.3,-5.26,-0.51,-3.11
666,1.63,-2.17,-3.34,-6.43,-4.6,0.91,-2.48
667,1.05,-2.83,-3.51,-6.54,-4.83,0.74,-1.06
668,1.04,-3.18,-2.68,-6.59,-4.33,-1.48,-0.97
669,1.39,-3.3,-0.76,-6.58,-5.16,-2.59,-0.34
670,1.52,-3.29,0.61,-5.28,-3.84,-1.98,0.24
671,0.67,-3.2,1.43,-1.83,-3.55,-1.89,0.74
672,0.19,-2.94,0.78,1.65,-2.25,-1.1,1.48
673,0.13,-2.55,0.58,3.47,-1.76,-0.72,2.37
674,-0.01,-2.25,0.07,4.68,-0.73,-4.27,3.41
675,-1.07,-1.97,0.26,5.07,-1.37,-3.68,3
676,-2.51,-1.58,-0.22,5.41,-0.92,-2.51,1.97
677,-2.8,-0.97,-0.2,5.57,-0.33,0.75,2.23
678,-2.28,-0.39,0.4,5.57,-0.33,2.59,2.21
679,-1.41,0.08,1.39,5.53,0.08,1.81,2.03
680,-0.88,0.7,2.89,5.52,1.17,-0.4,3.02
681,-0.26,0.82,3.81,5.54,1.42,-5.22,3.56
682,0.55,0.3,3.37,5.52,1.07,-5.35,3.08
683,0.88,-0.11,2.06,5.46,0.68,-2.87,0.59
684,0.17,-0.97,0.57,5.49,-0.31,-1.11,-0.38
685,-0.36,-2.02,-1.15,5.48,-0.74,-0.18,-2.16
686,-0.81,-2.84,-2.81,5.46,-0.44,-0.36,-1.99
687,-0.97,-3.4,-3.64,5.39,-0.96,-1.77,-1.82
688,-0.89,-3.68,-3.48,3.83,-0.96,-2.97,-1.45
689,-0.21,-3.71,-2.89,1.01,-1.18,-3.21,-1.43
690,0.05,-3.56,-1.92,-0.45,-0.26,-3.01,-0.28
691,0.15,-3.39,-1.11,-1.61,0.42,-0.83,1.24
692,1.06,-2.94,-0.65,-2.31,1.03,2.22,2.5
693,2.32,-2.67,0.82,-2.36,0.84,1.24,3.17
694,2.94,-2.44,2.18,-2.51,0.92,-1.75,1.65
695,3.02,-2.37,2.62,-2.63,0.59,-3.13,1.25
696,3.25,-2.29,2.1,-2.66,0.27,-4.27,0.46
697,2.42,-2.66,0.51,-2.61,-0.63,-3.85,-0.19
698,-0.01,-2.75,-1.59,-2.62,-1.07,-2.39,-2.19
699,-2.49,-2.61,-2.79,-2.62,-2.58,-1.66,-3.22
700,-3.88,-2.25,-3.15,-2.7,-2.3,-0.17,-2.65
701,-4.15,-1.65,-1.88,-2.74,-2.37,0.09,-2.61
702,-3.51,-1.27,-0.29,-2.72,-1.2,-0.58,-0.45
703,-2.28,-0.47,1.22,-2.72,-1.01,-0.73,0.18
704,-1.27,-0.17,1.68,-2.72,-0.69,-1.63,0.96
705,-1.01,0.12,1.35,-2.76,-0.32,-2.21,2.03
706,-0.84,0.28,0.82,-2.78,-0.27,-2.95,2.12
707,-0.42,0.21,0.54,-2.81,-0.2,-1.86,0.96
708,0.05,0.04,-0.01,-2.77,-0.77,-0.83,1.28
709,1.5,-0.35,-0.36,-2.81,-0.69,-1.12,0.56
710,3.52,-1.01,-0.32,-2.81,-0.96,-0.73,0.17
711,4.5,-1.73,-0.35,-1.89,-1.88,-0.78,-1.36
712,4.29,-2.67,-1.2,2.12,-1.94,-1.78,-1.97
713,3.42,-3.43,-1.67,5.43,-2.82,-1.44,-2.46
714,2.06,-3.97,-1.97,7.86,-4.51,-1.73,-2.56
715,0.54,-4.42,-2.08,9.16,-4.38,-2.63,-3.83
716,-0.5,-4.56,-1.23,9.98,-4.85,-2.97,-3.12
717,-1.76,-4.4,-1.34,10.16,-5.18,-2,-2.22
718,-2.72,-3.75,-0.63,10.31,-5.59,-1.53,-2.7
719,-3.41,-3.09,-0.23,10.76,-5.65,-0.57,-1.78
720,-3.57,-2.18,-0.68,10.95,-4.87,-1.15,-1.18
721,-3.03,-1.23,-1.04,10.93,-2.8,0.88,1.4
722,-1.58,-0.5,-0.07,9.2,-0.22,-0.02,4.25
723,-0.19,-0.36,0.57,5.62,0,-1.57,4.51
724,0.88,-0.35,2.19,2.57,-0.34,-3.46,4.16
725,0.7,-0.75,2.2,1.01,-0.05,-3.78,2.75
726,-0.73,-1.38,1.67,0.23,-0.18,-1.86,1.82
727,-2.36,-1.97,0.36,-0.08,-0.64,-0.86,0.79
728,-3.78,-2.46,-1.19,-0.44,-0.65,0.01,-0.49
729,-4.54,-2.77,-2.08,-0.77,-1,-1.31,-1
730,-4.01,-2.55,-1.88,-1.65,-0.71,-1.33,-0.47
731,-2.71,-2.19,-1.71,-3.58,-0.63,-1.13,-0.41
732,-1.66,-1.77,-0.33,-5.08,-0.39,-0.65,0.5
733,-0.7,-1.33,0.03,-6.43,-0.82,-2.09,0.23
734,-0.23,-0.99,0.1,-6.83,-0.53,-0.73,-0.47
735,-0.15,-0.66,-0.31,-7.05,-1.14,-0.22,-0.12
736,0.12,-0.47,0.05,-7.69,-0.61,-0.66,-0.39
737,1.12,-0.41,1.53,-7.93,0.35,-1.09,1.5
738,2.73,-0.33,3.41,-8.09,0.41,-3.08,2.1
739,3.54,-0.63,4.48,-8.11,-0.14,-3.34,0.84
740,3.51,-0.87,3.8,-8.26,-0.7,-1.69,-0.07
741,3.8,-1.08,2.18,-7.14,-1.86,-0.11,-2.5
742,4.32,-1.46,0.18,-3.75,-2.89,-1.96,-2.91
743,4.17,-2.21,-1.17,0.75,-4.49,-3.22,-3.91
744,3.08,-2.88,-1.9,5.15,-6.43,-2.6,-4.29
745,0.93,-3.34,-2,7.63,-5.65,-3.08,-3.73
746,-0.27,-3.73,-1.14,9.44,-5.5,0.19,-2.56
747,-0.74,-4.11,-0.24,10.08,-5.19,0.66,-1.46
748,-0.77,-4.14,1.37,10.61,-4.66,-0.2,-0.73
749,-1.16,-3.91,3.1,11.31,-4.41,-0.67,0.24
750,-1.19,-3.37,3.21,11.34,-3.73,-1.48,0.38
751,-1.19,-2.91,2.97,11.34,-3.79,-2.65,0.23
752,-1.27,-2.36,3.03,11.31,-2.73,-3.75,1.6
753,-1.74,-1.87,1.98,9.42,-2.65,-5.06,2.01
754,-2.4,-1.4,1.12,5.75,-2.56,-3.01,1.11
755,-3.63,-1.05,-0.33,1.61,-2.68,-3.61,0.88
756,-4.36,-0.66,-1.93,-1.03,-2.56,-0.97,0.89
757,-4.31,-0.34,-3.16,-2.89,-2.09,-0.79,0.04
758,-3.32,-0.08,-3.37,-4.71,-0.77,-1.38,1.72
759,-1.24,0.17,-2.99,-5.8,-0.93,-1.97,1.9
760,0.26,0.25,-1.89,-6.28,-0.36,0.47,1.86
761,1.3,0.07,-1.09,-6.56,0.08,1.17,2.04
762,2.76,-0.35,-0.25,-6.71,0.25,0.15,1.97
763,4.46,-0.98,0.07,-6.96,0.13,-1.38,1.86
764,5.98,-1.75,1.01,-7.02,0.63,-0.74,1.94
765,7.13,-2.62,1.98,-6.99,0.21,-1.96,1.18
766,7.13,-3.28,3.81,-6.64,0.33,-3.16,1.73
767,6.15,-4.07,4.19,-3.64,0.55,-3.34,1.61
768,4.56,-4.53,3.95,0.72,-0.7,-3.25,0.88
769,2.68,-4.74,3.77,5.1,-1.85,-2.18,-2.13
770,1.12,-4.69,3.07,7.48,-2.23,-2.54,-3.34
771,0.11,-4.45,1.73,9.28,-2.14,-0.96,-2.23
772,-1.18,-4.07,0.99,9.84,-1.82,-0.85,-1.77
773,-2.7,-3.68,0.74,10.28,-1.99,-0.52,-1.42
774,-4.35,-3.04,0.12,10.46,-2.05,-0.91,-1.19
775,-5.68,-1.92,0.1,11.03,-1.33,-2,0.44
776,-6.02,-1.08,0.74,11.19,-1.07,-5.17,1.44
777,-5.12,-0.22,0.4,11.13,0.31,-3.5,2.73
778,-4.34,0.54,0.51,8.58,0.33,-1.51,2.75
779,-3.68,1.19,-0.39,4.52,0.53,-0.5,2.5
780,-1.93,1.4,-1.21,0.14,-0.1,1,1.74
781,1.11,1.34,-1.67,-2.35,0.22,-1.55,1.37
782,3.74,0.87,-2.46,-2.96,-0.2,-2.15,0.71
783,4.93,-0.08,-3.19,-4.22,-0.51,-3.78,0.19
784,5.14,-1.06,-4.53,-4.51,-1.06,-1.6,-1.34
785,5.08,-2.77,-4.8,-4.68,-2.2,-0.99,-2.28
786,5.01,-4.16,-4.59,-4.83,-2.3,-1.38,-2.85
787,5.24,-5,-2.43,-4.81,-2.6,-2.67,-2.11
788,5.53,-5.65,-0.05,-1.99,-2.56,-1.01,-2.13
789,4.86,-5.76,2.18,1.82,-2.61,-1.76,-1.51
790,3.06,-5.52,3.56,6.36,-2.41,-1.55,-0.95
791,1.21,-5.11,3.71,9.76,-2.46,-0.49,-0.45
792,-0.91,-4.27,3.19,11.61,-1.92,-2.93,0.36
793,-2.69,-3.48,2.23,12.38,-1.21,-2.52,1.34
794,-3.97,-2.66,1.82,13.25,-0.68,-2.11,1.95
795,-5.17,-1.61,2.4,13.56,0.24,-0.29,3.07
796,-6.12,-0.66,3.34,13.56,1.05,-0.48,3.47
797,-6.03,0.06,4.33,13.68,1.65,-1.91,4.22
798,-4.6,0.54,4.57,12.06,2.05,-2.41,4.22
799,-3.52,0.85,3.94,8.22,2.06,-1.8,2.97
800,-3.35,0.61,1.3,3.4,1.59,-0.85,2.59
801,-3.09,0.25,-0.35,-0.29,1.43,-0.44,0.21
802,-2.9,-0.2,-1.51,-2.5,1.07,-3.45,-0.08
803,-3.24,-0.65,-2.28,-4.22,0.32,-3.64,-1.84
804,-3.41,-1.03,-3.23,-4.45,0.3,-4.42,-2.13
805,-2.67,-0.97,-4.34,-4.64,0.1,-1.94,-1.76
806,-0.88,-1.15,-5.97,-4.84,-0.51,-1.2,-1.75
807,2.05,-1.39,-7.02,-5.07,-0.23,0.32,-0.84
808,4.24,-2.01,-6.25,-5.8,-0.42,-0.76,-0.71
809,4.88,-2.56,-3.99,-5.78,-0.64,-0.5,-0.63
810,4.71,-3.2,-1.88,-5.95,-0.82,-2.39,-1.62
811,3.85,-3.81,-1.05,-5.91,-0.44,-3.11,-0.9
812,3.17,-4.35,-0.79,-5.93,-0.22,-2.81,0.58
813,2.9,-4.81,-0.34,-5.02,-0.77,-2.4,0.6
814,2.55,-4.83,-0.26,-1.84,-0.35,-2.2,0.02
815,2.13,-4.67,0.62,2.76,-0.48,0.17,-0.14
816,1.72,-4.2,1.44,4.97,0.65,1.18,1.08
817,0.56,-3.63,2.83,6.39,0.71,-1.37,1.66
818,-0.96,-3,3.96,7.08,1.23,-2.55,1.76
819,-1.19,-2.23,4.82,7.42,1.72,-2.39,2.83
820,-0.96,-1.65,4.57,7.62,1.48,-3.22,2.15
821,-1.04,-1.31,4.75,7.93,1.58,-0.89,2.23
822,-1.28,-0.99,4.16,7.92,1.78,-0.1,1.68
823,-1.4,-0.79,2.83,7.92,1.6,-2.22,1.83
824,-1.71,-0.8,2.53,7.94,1.19,-2.88,0.28
825,-2.47,-0.97,1.11,7.86,0.38,-1.17,-0.73
826,-3.19,-1.04,0.44,7.86,-0.11,-1.07,-1.43
827,-2.62,-1.16,-0.03,7.86,-0.4,0.42,-1.94
828,-1.66,-1.26,-1.05,7.54,-1.2,-0.61,-2.22
829,-1.13,-1.53,-1.07,4.95,-2.05,-1.49,-3.19
830,-1.43,-1.83,-2.5,2.13,-3.53,-3,-3.92
831,-1.83,-1.95,-3.71,0.17,-5.82,-4.17,-4.67
832,-1.93,-2.08,-5.31,-0.63,-9.05,-3.19,-6
833,-1.45,-2.05,-6.9,-1.44,-8.75,-2.45,-5.61
834,0.14,-2,-8.2,-1.89,-9.83,0.27,-5.2
835,2.42,-2.25,-8.49,-2.32,-9.03,1.04,-3.88
836,3.72,-2.17,-6.92,-2.33,-7.05,-1,-0.38
837,4.48,-2.44,-5,-2.34,-4.04,-1.78,1.8
838,4.9,-3.05,-2.75,-2.37,-3.05,-1.94,3.64
839,4.9,-3.44,-1.48,-2.34,-2.4,-1.95,3.63
840,3.69,-4.39,-0.27,-2.31,-2.32,-1.55,3.27
841,1.46,-4.67,1.35,-2.31,-2.31,0.59,2.72
842,0.04,-4.94,2.99,-2.26,-1.73,0.56,2.39
843,-0.53,-4.94,4.47,-1.65,-1.16,-1.37,1.69
844,-1.94,-4.84,5.61,0.82,-0.4,-2.49,2.56
845,-3.55,-4.19,6.62,2.44,0.01,-3.56,2.75
846,-3.82,-3.39,6.78,2.99,1.11,-3.1,2.78
847,-3.95,-2.62,5.65,3.29,0.46,-4.02,2.65
848,-4.42,-1.71,4.7,3.4,-0.01,-2.78,1.19
849,-4.73,-0.98,3.69,3.54,-0.73,-2.18,-0.39
850,-4.91,-0.5,1.3,3.56,-0.86,-0.64,-1.15
851,-4.33,-0.32,-0.4,3.6,-1.62,-1.45,-2.09
852,-2.9,-0.24,-1.23,3.59,-1.69,0.08,-1.84
853,-1.98,-0.16,-2.09,3.62,-2.5,-0.94,-2
854,-1.41,-0.14,-2.31,3.6,-2.83,-2.41,-2.04
855,-0.9,-0.75,-3.21,3.35,-3.03,-1.86,-1.67
856,-0.21,-1.24,-3.75,1.46,-3.41,-0.24,-0.97
857,0.78,-1.49,-3.98,-0.31,-3.42,0.38,-0.74
858,1.98,-1.92,-4.1,-1.6,-3.95,-1.78,-1.67
859,3.48,-2.59,-3.17,-2.34,-4.25,-2.63,-2.25
860,4.52,-2.94,-2.52,-2.35,-3.91,-3.77,-1.27
861,4.92,-3.26,-1.52,-2.51,-4.46,-4.56,-2.03
862,4.68,-3.64,-1.11,-2.63,-6.81,-3.81,-2.35
863,3.71,-3.99,-1.15,-2.65,-6.55,-1.92,-3.53
864,2.17,-4.14,-1.47,-2.73,-7.6,0.19,-3.62
865,0.52,-4.09,-1.41,-2.75,-5.37,1.83,-2.36
866,-0.78,-4.03,-0.19,-2.74,-5.58,-0.26,0.34
867,-1.69,-3.58,2.04,-1.75,-3.73,-2.94,0.81
868,-2.71,-3.14,3.83,1.05,-1.01,-5.77,3.93
869,-3.58,-2.39,4.45,2.76,-0.35,-3.65,5.34
870,-4.45,-1.52,3.97,3.3,0.33,0.96,4.44
871,-4.62,-0.61,3.03,4.05,0.42,2.1,4.06
872,-3.96,-0.12,3.4,4.16,1.15,1.82,4.08
873,-2.81,0.13,4.24,4.33,1.91,-0.94,3.52
874,-1.63,0.3,4.8,4.28,2.91,-3.34,4.39
875,-0.99,0.13,4.78,4.29,2.78,-3.97,4.77
876,-0.7,-0.34,4.53,4.43,2.21,-1.92,2.48
877,0.15,-0.96,3.72,4.44,1.64,-2.82,0.9
878,1.59,-1.46,2.49,4.38,0.96,-2.7,-1.48
879,2.94,-1.99,1.8,4.33,0.1,-1.15,-1.91
880,3.16,-2.44,1.24,4.31,-0.63,-2.23,-3.77
881,2.25,-2.88,0.39,4.36,-4.56,-4.06,-4.43
882,0.63,-3.04,-1.57,4.32,-8.29,-2.21,-6.01
883,-0.33,-2.95,-3.98,4.31,-11.98,-3.06,-7.16
884,-0.33,-2.74,-5.72,4.32,-13.43,-0.91,-7.81
885,0.41,-2.53,-7.74,4.24,-12.01,-1.59,-6.84
886,0.92,-1.93,-7.62,2.56,-12.14,-0.6,-5
887,0.82,-1.42,-7.62,1.12,-9.95,-0.36,-2.08
888,0.34,-1.5,-6.67,0.46,-8.78,-1.11,-0.05
889,-0.76,-1.21,-6.79,0.32,-7.19,-0.11,0.61
890,-1.2,-1.18,-5.86,0.06,-3.07,-0.64,3.38
891,-0.35,-1.22,-4.07,-0.21,-0.09,-2.1,5.87
892,1.16,-1.18,-1.05,-0.33,0.9,-3.95,6.74
893,2.69,-1.6,1.35,-0.42,1.99,-2.85,6.89
894,3.03,-2.03,2.98,-0.4,2.15,-2.29,6.41
895,3.15,-2.54,3.84,-0.38,2.23,-0.06,4.5
896,3.73,-3.2,3.91,-0.37,1.76,0.23,4.01
897,3.66,-4.06,4.35,-0.36,1.44,-0.97,2
898,2.36,-4.58,4.9,-0.38,0.61,-1.77,-0.03
899,0.6,-4.63,5.15,-0.42,-0.45,-3.64,-1.13
900,-0.42,-4.36,4.91,-0.4,-1.02,-3.62,-2.11
901,-1.13,-3.94,4.42,-0.44,-1.92,-2.79,-3.02
902,-2.18,-3,4.47,-0.46,-3.28,-2.31,-4.27
903,-3.04,-1.85,2.91,-0.47,-5.66,-3.88,-5.08
904,-3.02,-0.59,1.14,-0.48,-5.46,-3,-5.04
905,-2.4,0.42,-0.44,-0.64,-5.5,-2.93,-3.86
906,-1.36,1.04,-2.62,-0.71,-5.87,-1.21,-3.05
907,-0.55,1.16,-4.48,-0.69,-7.48,0.48,-3.23
908,-0.02,0.93,-5.51,-0.67,-8.12,1.24,-3.33
909,-0.02,0.11,-5.54,-0.69,-8.94,0.36,-4.49
910,0.41,-0.78,-4,-0.65,-7.91,-0.53,-3.42
911,2.03,-1.54,-1.49,-0.67,-5.94,-1.82,0.82
912,3.5,-2.3,0.55,-0.64,-3.79,-3.08,2.21
913,4.54,-2.98,1.36,-0.6,-1.47,-3.17,4.21
914,5.41,-3.55,1.3,-0.34,-2.31,-5.18,3.81
915,5.05,-4.35,-0.22,2.39,-2.91,-5.36,1.88
916,3.92,-4.88,-1.37,5.81,-3.72,-3.82,0.97
917,2.33,-5.6,-2.76,9.7,-4.26,0.67,-1.3
918,1.59,-6.3,-2.7,11.73,-4.34,2.38,-1.17
919,1.62,-6.71,-0.2,12.18,-3.1,3.06,0.51
920,1.76,-7.12,3.69,13.18,-2.18,-1.26,1.14
921,0.17,-7.19,5.31,13.27,-0.33,-2.03,2.26
922,-2.3,-6.74,7.39,13.34,-0.59,-2.76,3.48
923,-3.25,-5.79,8.24,13.47,0.88,-3.37,3.28
924,-3.83,-4.67,8.75,13.51,0.96,-1.57,3.9
925,-4.34,-3.2,8.26,13.03,0.68,-3.33,3.16
926,-5.26,-1.73,7.36,10.05,0.3,-3.14,1.56
927,-6.09,-0.39,6.02,5.85,0.02,-2.29,1.04
928,-6.29,0.74,4.83,0.84,-0.59,-4.16,-0.12
929,-6.3,1.54,3.84,-2.93,-0.86,-2.41,-1.08
930,-5.78,1.83,0.88,-6.27,-1.36,-0.18,-1.61
931,-4.68,1.56,-1.07,-7.17,-2.71,2.41,-2.66
932,-2.71,1.31,-2.64,-8.36,-2.19,1.44,-2.49
933,-1.15,0.62,-2.84,-8.64,-1.72,0.1,-1.59
934,0.31,-0.08,-2.42,-8.88,-0.87,-1.74,0.25
935,2.37,-0.97,-1.7,-9.18,-1.02,-3.79,0.46
936,4.6,-1.84,-1.12,-9.47,-1.28,-5.23,0.28
937,5.92,-2.86,-1.14,-9.6,-3.35,-2.77,-1.03
938,6.42,-3.9,-2.32,-9.63,-4.39,0.52,-2.2
939,7.39,-4.74,-2.8,-8.03,-5.57,1.43,-3.51
940,8.09,-5.61,-1.9,-4.25,-5.94,-0.63,-3.49
941,6.97,-6.33,-0.21,0.56,-5.7,-2.88,-3.11
942,4.28,-6.55,2.14,5.1,-5.6,-5.47,-2.14
943,0.55,-6.57,3.36,8.25,-6.38,-4.17,-2.22
944,-2.71,-6.04,1.93,10.34,-5.74,-0.49,-2.1
945,-4.66,-5.09,1.27,11.48,-4.27,0.91,-0.03
946,-5.41,-3.97,1.78,11.91,-3.85,0.06,1.23
947,-6.59,-2.9,3.44,12.18,-0.86,-1.03,2.48
948,-7.92,-1.55,4.33,12.2,0.64,-2.78,4.57
949,-7.86,-0.4,4.41,11.53,1.65,-2.97,5.49
950,-6.43,0.87,4.39,8.32,1.88,-4.33,5.72
951,-4.37,1.6,2.14,3.69,2.41,-2.13,4.68
952,-2.49,1.77,0.11,-0.4,2.19,-0.37,4.18
953,-1.08,1.59,-0.79,-2.79,2.06,-0.48,2.13
954,-0.4,1.23,-0.34,-4.4,1.65,-0.97,1.36
955,-0.47,0.5,1.04,-4.9,1.56,-0.05,0.78
956,-0.33,-0.31,0.94,-5.53,0.96,-0.34,-0.69
957,0.72,-1.04,0.96,-6.12,-0.09,-0.88,-1.79
958,2.58,-1.95,0.53,-6.41,-1.04,-2.71,-3.58
959,5.14,-2.84,0.36,-6.37,-2.08,-3.09,-3.28
960,6.91,-3.61,0.28,-6.57,-2.68,-4.54,-3.7
961,6.78,-4.25,0.62,-6.57,-5.22,-3.4,-3.81
962,5.63,-4.47,-0.07,-5.7,-8.94,-1.42,-6.33
963,4.11,-4.79,-1.62,-1.9,-13.8,-0.54,-6.98
964,1.96,-4.68,-3.25,2.75,-13.82,-1,-8.41
965,-0.45,-4.55,-4.14,5.66,-12.61,-2.15,-6.45
966,-2.13,-3.87,-3.3,7.57,-11.83,-3.17,-5.32
967,-3.13,-3.07,-1.46,9.27,-10.14,-2.42,-1.23
968,-3.03,-2.4,0.52,9.48,-7.81,-1.8,-0.21
969,-2.64,-1.39,2.17,9.62,-5.29,-0.52,3.52
970,-2.51,-0.81,2.95,9.95,-3.39,-1.5,3.45
971,-2.1,-0.31,3,9.87,-0.59,-1.17,4.95
972,-1.12,-0.08,3.1,10.06,-0.09,-0.57,5.49
973,-0.69,0.06,2.55,8.81,1.39,-1.97,5.1
974,-1.04,-0.5,2.83,5.51,2.09,-1.85,5.38
975,-1.52,-0.5,2.97,2.47,2.53,-2.11,5.11
976,-1.03,-1.22,2.5,1.01,2.25,-2.38,4.39
977,-0.23,-1.75,2.44,-0.04,2.14,-2.21,2.76
978,0.59,-2.37,2.94,-0.37,2.07,-1.05,2.03
979,2,-2.68,3.32,-0.7,2.38,-0.43,1.24
980,3.03,-3.05,3.62,-1.1,1.36,-0.75,0.93
981,3.33,-3.24,4.26,-1.44,0.92,-1.04,-0.91
982,2.14,-3.54,4.2,-1.44,-1.89,-2.23,-3.07
983,0.26,-3.65,3.63,-1.56,-3.79,-4.56,-4.87
984,-1.36,-3.16,1.5,-1.59,-6.69,-3.97,-5.46
985,-3.09,-2.44,-1.14,-1.57,-8.87,-4.27,-6.39
986,-4.33,-1.46,-3.05,-1.64,-7.49,-3.09,-4.49
987,-5.46,-0.59,-5.06,-1.69,-6.24,0.02,-3.87
988,-6.16,0.27,-6.69,-1.69,-5.84,2.24,-2.4
989,-5.84,1.14,-6.85,-1.7,-4.36,2.15,-0.12
990,-4.46,1.55,-5.96,-1.83,-1.76,0.2,2.62
991,-2.77,1.67,-4.47,-1.81,0.25,-2.7,4.29
992,-1.27,1.55,-3.02,-1.83,1.87,-1.24,5.89
993,0.01,0.99,-1.86,-1.82,2.14,-2.15,6.87
994,2.54,0.11,-1.13,-1.81,3.95,-0.92,6.36
995,6.36,-0.67,0.87,-1.85,4.13,-1.39,6.8
996,8.74,-1.92,2.89,-1.85,4.12,-2.1,5.28
997,8.6,-3.19,4.42,-1.84,3.15,-2.82,3.78
998,6.88,-4.87,3.8,-1.88,2.23,-2.84,-1.31
999,4.91,-6.09,2.39,-1.93,0.48,-1.26,-2.91
1000,3.09,-6.56,1.64,-1.87,-0.75,-3.56,-4.01
